{
  "id": "4591377",
  "name": "test",
  "font_family": "iconfont",
  "css_prefix_text": "icon-",
  "description": "",
  "glyphs": [
    {
      "icon_id": "12753043",
      "name": "图片",
      "font_class": "tupian_huaban",
      "unicode": "e62c",
      "unicode_decimal": 58924
    },
    {
      "icon_id": "2738923",
      "name": "纸飞机",
      "font_class": "iconcopy",
      "unicode": "e66a",
      "unicode_decimal": 58986
    },
    {
      "icon_id": "6146032",
      "name": "todo_list",
      "font_class": "todo_list",
      "unicode": "e736",
      "unicode_decimal": 59190
    },
    {
      "icon_id": "22288918",
      "name": "回忆镜",
      "font_class": "huiyijing",
      "unicode": "e652",
      "unicode_decimal": 58962
    },
    {
      "icon_id": "22383497",
      "name": "视频墙",
      "font_class": "shipinqiang",
      "unicode": "e649",
      "unicode_decimal": 58953
    },
    {
      "icon_id": "23578579",
      "name": "H_人物回忆",
      "font_class": "H_renwuhuiyi",
      "unicode": "e6f5",
      "unicode_decimal": 59125
    },
    {
      "icon_id": "40787501",
      "name": "CircleClose",
      "font_class": "CircleClose",
      "unicode": "e603",
      "unicode_decimal": 58883
    },
    {
      "icon_id": "40760066",
      "name": "d-arrow-left",
      "font_class": "d-arrow-left",
      "unicode": "e674",
      "unicode_decimal": 58996
    },
    {
      "icon_id": "40760068",
      "name": "d-arrow-right",
      "font_class": "d-arrow-right",
      "unicode": "e675",
      "unicode_decimal": 58997
    },
    {
      "icon_id": "2247622",
      "name": "日间模式",
      "font_class": "rijianmoshi",
      "unicode": "e600",
      "unicode_decimal": 58880
    },
    {
      "icon_id": "2782955",
      "name": "夜间模式",
      "font_class": "yejianmoshi",
      "unicode": "e63a",
      "unicode_decimal": 58938
    },
    {
      "icon_id": "25981102",
      "name": "注销",
      "font_class": "zhuxiao",
      "unicode": "e673",
      "unicode_decimal": 58995
    },
    {
      "icon_id": "14278130",
      "name": "首页",
      "font_class": "shouye",
      "unicode": "e606",
      "unicode_decimal": 58886
    },
    {
      "icon_id": "14278165",
      "name": "消息",
      "font_class": "xiaoxi",
      "unicode": "e607",
      "unicode_decimal": 58887
    },
    {
      "icon_id": "14278395",
      "name": "搜索",
      "font_class": "sousuo",
      "unicode": "e609",
      "unicode_decimal": 58889
    },
    {
      "icon_id": "14278594",
      "name": "用户",
      "font_class": "yonghu",
      "unicode": "e60a",
      "unicode_decimal": 58890
    },
    {
      "icon_id": "14278853",
      "name": "编辑",
      "font_class": "bianji",
      "unicode": "e60c",
      "unicode_decimal": 58892
    },
    {
      "icon_id": "14282486",
      "name": "时间",
      "font_class": "shijian",
      "unicode": "e61c",
      "unicode_decimal": 58908
    },
    {
      "icon_id": "14282842",
      "name": "收藏",
      "font_class": "shoucang",
      "unicode": "e620",
      "unicode_decimal": 58912
    },
    {
      "icon_id": "14288367",
      "name": "代码文档",
      "font_class": "daimawendang",
      "unicode": "e639",
      "unicode_decimal": 58937
    },
    {
      "icon_id": "26258991",
      "name": "B站",
      "font_class": "Bzhan",
      "unicode": "e602",
      "unicode_decimal": 58882
    }
  ]
}
